model_name,accuracy,macro_f1,weighted_f1,precision_macro,recall_macro
TF-IDF + LinearSVC,0.9200746384699113,0.7351242661729861,0.9210681522258608,0.7287494098810482,0.7438028044149718
Character TF-IDF + LinearSVC,0.9104338361063599,0.7350421830743555,0.91398964413703,0.7230927849336224,0.7603792112179883
Word + Character TF-IDF + LinearSVC,0.9248950396516872,0.7270480473093128,0.9252119362334079,0.7238466325310241,0.7321926640740791
Hybrid Text+Amount+Type+Channel+SourceBank (LogReg),0.8818224226403358,0.7229842734481349,0.8887021551543017,0.7027842331617371,0.7793545280503772
TF-IDF + Logistic Regression,0.8816669258280205,0.7228214358348783,0.8886169694249836,0.7028828611776864,0.7789196643713708
TF-IDF + SGDClassifier (hinge),0.8897527600684186,0.7204807413055295,0.8987602447674092,0.696261414317799,0.7839534975174737
TF-IDF + SGDClassifier (log_loss),0.8600528689161873,0.7110220788508654,0.8673549041558857,0.6910405224730904,0.7709569724812586
TF-IDF + Calibrated LinearSVC,0.9258280205255792,0.700440801853688,0.9211205225626494,0.7103784020149526,0.6942862995743271
TF-IDF + Random Forest,0.8625408179132328,0.6790972511480329,0.8592686040992081,0.7033374302658025,0.6646614824034083
TF-IDF + XGBoost,0.8625408179132328,0.6485609675090547,0.8595090741438427,0.700549818759108,0.6351589567163765
TF-IDF + Complement Naive Bayes,0.9172756958482351,0.645730305016376,0.9116502627619107,0.6732384876776911,0.6354639602951245
Rule + Best ML Fallback Hybrid,0.8266210542683875,0.6029045040915318,0.8598006905686457,0.6154469803052773,0.6330848408762175
Rule-based Categorizer,0.09252060332763179,0.08977888614633275,0.10741789649783626,0.2230685925677379,0.1281570391075717
